{"cameraMode":{"drawMode":0,"name":"Shaded","section":"Shading Mode"},"sceneLighting":true,"audioPlay":false,"sceneViewState":{"showFog":true,"showMaterialUpdate":true,"showSkybox":true,"showFlares":true,"showImageEffects":true,"showParticleSystems":true},"in2DMode":false,"pivot":{"x":-49.719905853271487,"y":-12.01320743560791,"z":41.23603057861328},"rotation":{"x":-0.10841111838817597,"y":0.44829222559928896,"z":-0.05487782880663872,"w":-0.8855976462364197},"size":75.13255310058594,"orthographic":false}